text,id,date
"RT @BigkartDeal: #GiveAway We have 2 https://t.co/3aje4TqNif coupons. 

If you need comment below and Retweet this tweet.

Pls RT and Share",1174222613381558273#,Wed Sep 18 07:24:21 +0000 2019
"RT @BigkartDeal: #GiveAway We have 2 https://t.co/3aje4TqNif coupons. 

If you need comment below and Retweet this tweet.

Pls RT and Share",1174208437821104128#,Wed Sep 18 06:28:01 +0000 2019
@BeCureFit Still doesnt justify a dish of 99 on https://t.co/yX1PT4RegN being charged 185 on @Zomato . https://t.co/Yu4ImtKjdT is right the term for this. @UberEats  @swiggy_in @FreshMenuIndia,1174208155909337089#,Wed Sep 18 06:26:54 +0000 2019
"@Barrettorichard Hey Richard, we are happy to know you are interested in https://t.co/x2SUyVspFb services. Currently, we are still expanding our serviceability.",1174206793268043777#,Wed Sep 18 06:21:29 +0000 2019
"RT @BigkartDeal: #GiveAway We have 2 https://t.co/3aje4TqNif coupons. 

If you need comment below and Retweet this tweet.

Pls RT and Share",1174202524057968640#,Wed Sep 18 06:04:32 +0000 2019
"RT @BigkartDeal: #GiveAway We have 2 https://t.co/3aje4TqNif coupons. 

If you need comment below and Retweet this tweet.

Pls RT and Share",1174201560831840256#,Wed Sep 18 06:00:42 +0000 2019
"RT @BigkartDeal: #GiveAway We have 2 https://t.co/3aje4TqNif coupons. 

If you need comment below and Retweet this tweet.

Pls RT and Share",1174201083939475457#,Wed Sep 18 05:58:48 +0000 2019
"RT @BigkartDeal: #GiveAway We have 2 https://t.co/3aje4TqNif coupons. 

If you need comment below and Retweet this tweet.

Pls RT and Share",1174186388020977664#,Wed Sep 18 05:00:24 +0000 2019
"RT @BigkartDeal: #GiveAway We have 2 https://t.co/3aje4TqNif coupons. 

If you need comment below and Retweet this tweet.

Pls RT and Share",1174181029927620610#,Wed Sep 18 04:39:07 +0000 2019
"RT @BigkartDeal: #GiveAway We have 2 https://t.co/3aje4TqNif coupons. 

If you need comment below and Retweet this tweet.

Pls RT and Share",1174179180935819264#,Wed Sep 18 04:31:46 +0000 2019
"RT @BigkartDeal: #GiveAway We have 2 https://t.co/3aje4TqNif coupons. 

If you need comment below and Retweet this tweet.

Pls RT and Share",1174178454062993408#,Wed Sep 18 04:28:53 +0000 2019
"RT @BigkartDeal: #GiveAway We have 2 https://t.co/3aje4TqNif coupons. 

If you need comment below and Retweet this tweet.

Pls RT and Share",1174170199077085184#,Wed Sep 18 03:56:05 +0000 2019
"RT @BigkartDeal: #GiveAway We have 2 https://t.co/3aje4TqNif coupons. 

If you need comment below and Retweet this tweet.

Pls RT and Share",1174163100422922240#,Wed Sep 18 03:27:52 +0000 2019
"RT @BigkartDeal: #GiveAway We have 2 https://t.co/3aje4TqNif coupons. 

If you need comment below and Retweet this tweet.

Pls RT and Share",1174162028958609409#,Wed Sep 18 03:23:37 +0000 2019
"RT @BigkartDeal: #GiveAway We have 2 https://t.co/3aje4TqNif coupons. 

If you need comment below and Retweet this tweet.

Pls RT and Share",1174158310716559360#,Wed Sep 18 03:08:50 +0000 2019
"RT @BigkartDeal: #GiveAway We have 2 https://t.co/3aje4TqNif coupons. 

If you need comment below and Retweet this tweet.

Pls RT and Share",1174155434673836032#,Wed Sep 18 02:57:25 +0000 2019
"RT @BigkartDeal: #GiveAway We have 2 https://t.co/3aje4TqNif coupons. 

If you need comment below and Retweet this tweet.

Pls RT and Share",1174151503054925824#,Wed Sep 18 02:41:47 +0000 2019
"#GiveAway We have 2 https://t.co/3aje4TqNif coupons. 

If you need comment below and Retweet this tweet.

Pls RT and Share",1174151475825541120#,Wed Sep 18 02:41:41 +0000 2019
"#ambition, #beast, #beastmode, #bjj, #brazilianjiujitsu, #determination, #eat, #fit, @fitbodapp, #fitness, #food, #goals, #gym, #gymlife, #man, #muscle, planetfitness, #power, #powerlifting, #strength,‚Ä¶ https://t.co/EHQAdXK1wm",1174118736388923393#,Wed Sep 18 00:31:35 +0000 2019
"üî¥ You can only buy if u have gained some magic pin points previously

Open magicpin app, search for ""Eat fit"" and buy voucher",1173997569761955841#,Tue Sep 17 16:30:07 +0000 2019
"Eat Fit 99‚Çπ Voucher at Magicpin For ‚Çπ0 + Group Buy &amp; Get extra 68 magicpin points cashback when your two friends buy the voucher with your group buy link

Code : EATFIT99

New to magicpin? Use link : https://t.co/X58VE5M7pR

üî¥ Code is getting applied multiple times https://t.co/rnCyS8dkRC",1173997566993633281#,Tue Sep 17 16:30:06 +0000 2019
"Eat Fit || Tasty snack ideas to make and take to work !

https://t.co/FYi9t96Pbc

#kfef #eatfit #snacks #work https://t.co/DbOinzWO1G",1173990498400374788#,Tue Sep 17 16:02:01 +0000 2019
"The Truth About Cancer Prevention And Owning Optimum Health https://t.co/WPcrh6hhpa
.
üíùLike and Share if you're loving thisüíù
.
#freedom #getwellsoon #livefree #cleanfood #eatwell #lovely #eat #fit #instafit #fitgirl https://t.co/BYJbT35lQ6",1173989848211845121#,Tue Sep 17 15:59:26 +0000 2019
rajma is shit eh eat fit gadu mosam 2 spoons ye rice https://t.co/E2emEZBqoe,1173978495434706944#,Tue Sep 17 15:14:19 +0000 2019
"Eat Fit || Japanese broth with Udon noodles .

https://t.co/7bBc5lrWPw

#kfef #eatfit #noodle #soup https://t.co/09iqgR1pSC",1173918781636337665#,Tue Sep 17 11:17:02 +0000 2019
"High on Taste, Great on Diet, Low on price! Get 40% OFF¬† + 20% OFF on Eat Fit

Order on Zomato and use coupon code: ZOMATO  #EatFit #EatFitCouponCode #ZomatoCode #ZomatoCouponCode https://t.co/uxRGX61hfc https://t.co/uFiPvghALV",1173900964878868480#,Tue Sep 17 10:06:14 +0000 2019
"RT @eatandfit: Si lo que quieres es verte bien y comer lo que tu cuerpo necesita, eat&amp;fit es la soluci√≥n perfecta, cocinamos para ti y hace‚Ä¶",1173848173795844096#,Tue Sep 17 06:36:28 +0000 2019
"Nutrition For School Children's - Cure the right way | Eat Fit - with Myth Media
https://t.co/CdDLptfG8l
#fitness #diet #nutrition #‡§∞‡§æ‡§∑‡•ç‡§ü‡•ç‡§∞‡•Ä‡§Ø_‡§Ü‡§π‡§æ‡§∞",1173843435754680320#,Tue Sep 17 06:17:38 +0000 2019
"@AvinashCKM @BeCureFit And eat https://t.co/BfYjhDkJlj food ;-) 
Me from 110 to 103kgs all because of  https://t.co/VGbvycEgvs",1173805016945217536#,Tue Sep 17 03:44:58 +0000 2019
"Si lo que quieres es verte bien y comer lo que tu cuerpo necesita, eat&amp;fit es la soluci√≥n perfecta, cocinamos para ti y hacemos entrega de tus alimentos hasta la puerta de tu casa. https://t.co/Ez49W2fIU2",1173766267041275904#,Tue Sep 17 01:11:00 +0000 2019
@D_Diaku Omo na to eat fit remain,1173734567095820289#,Mon Sep 16 23:05:02 +0000 2019
"RT @KeepFitEatFit: Eat Fit || Grilled Chicken Tostadas al Carbon with Grilled Tomatillos and Queso Fresco

https://t.co/0MqdxteoNk

#kfef #‚Ä¶",1173629876798140416#,Mon Sep 16 16:09:02 +0000 2019
"Eat Fit || Grilled Chicken Tostadas al Carbon with Grilled Tomatillos and Queso Fresco

https://t.co/0MqdxteoNk

#kfef #eatfit #tosadas #cheese https://t.co/YO9sEnjogE",1173628124531240960#,Mon Sep 16 16:02:04 +0000 2019
"Eat Fit || This is an awesome breakfast idea from Waitrose !

https://t.co/B89mkjZKsw

#kfef #eatfit #breakfast https://t.co/woZUeP5KHR",1173556389580562434#,Mon Sep 16 11:17:01 +0000 2019
"@BeCureFit It provides pleasure to find non-plastic cutlery, good to see the small carton pack but disappointed as the papad should also been in carton pack instead of plastic. Please mind https://t.co/V45Rp57nHz #eatfit https://t.co/P1Z5hH4O7d",1173507456976203776#,Mon Sep 16 08:02:35 +0000 2019
"@sajithpai @manocha_mandeep @deepigoyal @harshamjty I was ordering from https://t.co/XqC6T5iGo2, already a feature in it. I do a lot of office lunches orders and face major plastic waste scenario with @Zomato  and @swiggy_in  . This feature would be a big helps guys! https://t.co/7a6gLcdkKZ",1173504542236803078#,Mon Sep 16 07:51:00 +0000 2019
"RT @itsback2beauty: Back to Beautiful
 
.
üíùLike and Share if you're loving thisüíù
.
 #eat #fit #instafit #fitgirl #fitness #sports #muscle #‚Ä¶",1173436060233322497#,Mon Sep 16 03:18:52 +0000 2019
"Back to Beautiful
 
.
üíùLike and Share if you're loving thisüíù
.
 #eat #fit #instafit #fitgirl #fitness #sports #muscle #beautyblogger #motivation https://t.co/jkGeagoIM5",1173424454325506048#,Mon Sep 16 02:32:45 +0000 2019
@HaramiParindey @BeCureFit You can use fitcash to buy sports gear from their shop or order a meal from https://t.co/KGqoFFSuk8 or to extend your pack. The trainers are really flexible too. You can tell them exactly what your goal is and they'll help you out. The app motivates you to be healthy overall.,1173414787562135553#,Mon Sep 16 01:54:21 +0000 2019
"@HaramiParindey @BeCureFit Rewarding as in you don't just go and workout. They have something called https://t.co/V5ITWtqZNe and https://t.co/KGqoFFSuk8 and so many other things. The app tracks your sleep, the number of steps you take, etc. You can even earn fitcash for each workout that you do (contd)",1173414126313304064#,Mon Sep 16 01:51:43 +0000 2019
"Soo #hungry!

#ambition, #beast, #beastmode, #bjj, #brazilianjiujitsu, #determination, #eat, #fit, @fitbodapp, #fitness, #food, #goals, #gym, #gymlife, #man, #muscle, planetfitness, #power, #powerlifting, #strength,‚Ä¶ https://t.co/3eNCCNyagd",1173409837818011648#,Mon Sep 16 01:34:40 +0000 2019
"No lo pienses m√°s y √∫nete a eat&amp;fit y empieza a disfrutar de nuestros excelentes platillos, te dejamos un poquito de nuestras ensaladas. https://t.co/wAjpujsAGe",1173404130703896576#,Mon Sep 16 01:12:00 +0000 2019
"RT @CopThatCooks: Passer by saves Felix the Cat after she fell in at London's Royal Docks.

Obviously cat shows zero gratitude üòÅ https://t.‚Ä¶",1173345342907195392#,Sun Sep 15 21:18:24 +0000 2019
"Modere Laundry Powder And Fabric Softener ‚Äì Amazing Unexpected Bonus! https://t.co/dMBToqawc9
.
üíùLike and Share if you're loving thisüíù
.
#freedom #getwellsoon #livefree #cleanfood #eatwell #lovely #eat #fit #instafit #fitgirl https://t.co/36zJK0B2JQ",1173267750501801985#,Sun Sep 15 16:10:04 +0000 2019
"Eat Fit || Greek Grilled Vegetable Bowls

 https://t.co/gPjwnEF6sx

#kfef #eatfit #greek #food https://t.co/kGUxqtNQKl",1173265725445812224#,Sun Sep 15 16:02:01 +0000 2019
"Back to Beautiful
 
.
üíùLike and Share if you're loving thisüíù
.
 #eat #fit #instafit #fitgirl #fitness #sports #muscle #beautyblogger #motivation https://t.co/WvrNH1uEDo",1173248360507068416#,Sun Sep 15 14:53:01 +0000 2019
"Eat Fit|| 35 Quick and Healthy Low-Calorie Lunches

https://t.co/WFur35gYwg

#kfef #keepfit #eatfit #lunches https://t.co/tk9y8q5loq",1173194001463369733#,Sun Sep 15 11:17:01 +0000 2019
RT @krishnasinghani: Outside https://t.co/GfP2RHqMLd Nagawara; @BBMPCOMM  and over that @Zomato gives them excellent hygiene rating; @fssai‚Ä¶,1173134944589082626#,Sun Sep 15 07:22:21 +0000 2019
"@BeCureFit Eat fit joint in electronic City phase 1 refusing to give order through Dunzo app . In zomato it's showing restaurant not accepting order , in curefit app - showing address not servicable . Is there any way customer can purchase stuff from there ?",1173128091755065344#,Sun Sep 15 06:55:07 +0000 2019
"RT @BL_SandwichCo: Thanks @WWLTV! Chef Brad, Jala from @ochsnereatfit, @EPaulsenWWL after talking about Eat Fit NOLA Dine Out Event... eat‚Ä¶",1173082478078242816#,Sun Sep 15 03:53:52 +0000 2019
@VinodTaparia1 Which one ? Eat fit ??,1173074639641120769#,Sun Sep 15 03:22:43 +0000 2019
RT @shistakrita: @krishnasinghani @BBMPCOMM @Zomato @fssaiindia https://t.co/64RvAbfrrJ Whitefield is no exception. Visited today and the w‚Ä¶,1173036801079951360#,Sun Sep 15 00:52:22 +0000 2019
@ONEtari_ @Chanduck1604 @Techglares Go to Phone pe and open apps section in that open eat fit ....,1172916353059016704#,Sat Sep 14 16:53:44 +0000 2019
@shistakrita @BBMPCOMM @Zomato @fssaiindia @Unilever @KotakBankLtd @Kalaari @EPIQCapital @InnoVenCap_IN This is the pic just taken at @BeCureFit https://t.co/GfP2RHqMLd Nagawara n it stinks @BBMPCOMM ur heath officers may be supporting them for their own interest but corruption needs to be checked as this is a serious health risk @CMofKarnataka @drashwathcn @narendramodi @AmitShah https://t.co/sK0UMLHemf,1172909811643510784#,Sat Sep 14 16:27:45 +0000 2019
RT @shistakrita: @krishnasinghani @BBMPCOMM @Zomato @fssaiindia https://t.co/64RvAbfrrJ Whitefield is no exception. Visited today and the w‚Ä¶,1172908300775485440#,Sat Sep 14 16:21:45 +0000 2019
"Tasty Nutritious Raw Goji Berry Brownie ‚Äì Perfectly Nutty Chocoholic Cake https://t.co/8MNt8DaK6U
.
üíùLike and Share if you're loving thisüíù
.
#freedom #getwellsoon #livefree #cleanfood #eatwell #lovely #eat #fit #instafit #fitgirl https://t.co/VkQhfAuwqV",1172906049881247745#,Sat Sep 14 16:12:48 +0000 2019
"RT @KeepFitEatFit: Eat Fit || 5 Keto Soup Recipes Because Fall Is Coming (!!!)

https://t.co/DHN8xJju8H

#kfef #eatfit #soup https://t.co/U‚Ä¶",1172905747933532160#,Sat Sep 14 16:11:36 +0000 2019
"Eat Fit || 5 Keto Soup Recipes Because Fall Is Coming (!!!)

https://t.co/DHN8xJju8H

#kfef #eatfit #soup https://t.co/UYYCJRlooI",1172903338863747074#,Sat Sep 14 16:02:02 +0000 2019
@priyamucharla Eat. Fit birayani ite bagundiüëå,1172900280976887809#,Sat Sep 14 15:49:53 +0000 2019
"@krishnasinghani @BBMPCOMM @Zomato @fssaiindia https://t.co/64RvAbfrrJ Whitefield is no exception. Visited today and the whole place stinks extremely badly, not sure how they have permits to run such disgusting place.",1172877105975050240#,Sat Sep 14 14:17:47 +0000 2019
@BeCureFit @mukeshbansal06 Visited https://t.co/IerfeKhPmt Whitefield today to enquire why they can't deliver to my place. Disgusted to see that the food is prepared at such an awful stinking locality. Not sure how u guys even got the permit to run such a place :( Never  ordering,1172875026351001602#,Sat Sep 14 14:09:31 +0000 2019
Phonepe Food offer 100% cashback on ordering from https://t.co/muNFOFVdWF - https://t.co/wOw5FsmQ2g https://t.co/fMrSsin5QF,1172831804228718592#,Sat Sep 14 11:17:46 +0000 2019
"Eat Fit || Baked Oatmeal Recipe with Pears Bananas and Walnuts

https://t.co/Qdinu25FIp

#kfef #eatfit #oatmeal #bananas https://t.co/SZBWxy47Ku",1172831613761269760#,Sat Sep 14 11:17:01 +0000 2019
RT @krishnasinghani: Outside https://t.co/GfP2RHqMLd Nagawara; @BBMPCOMM  and over that @Zomato gives them excellent hygiene rating; @fssai‚Ä¶,1172817965734957058#,Sat Sep 14 10:22:47 +0000 2019
Outside https://t.co/GfP2RHqMLd Nagawara; @BBMPCOMM  and over that @Zomato gives them excellent hygiene rating; @fssaiindia how are such things happening; where is hygiene https://t.co/X8uy78Iyxx,1172788012284968960#,Sat Sep 14 08:23:46 +0000 2019
@Zomato @deepigoyal u have rated @BeCureFit https://t.co/GfP2RHqMLd Nagawara excellent on hygiene; pls visit the location and it stinks outside; don't know how bad is the condition inside; request u not to play wt ppls health for making money https://t.co/V9lGyA1M7G,1172787390705885184#,Sat Sep 14 08:21:17 +0000 2019
"Eat Fit || Try this awesome smoothie to kick-start your weekend !

#kfef #eatfit #smoothie https://t.co/OF4ogPZEXr",1172777336724496390#,Sat Sep 14 07:41:20 +0000 2019
"@BeCureFit You have Such a pathetic and horrible support.

I have opened 3 support cases regarding https://t.co/5UmyDkh8dH offer and you guys closed without even contacting me.

Please feel free to read through the support cases that explain how you cheat your subscribers. https://t.co/o9tLOKiy8x",1172749962313994242#,Sat Sep 14 05:52:34 +0000 2019
"Ya probaste de todo y no te dan resultados? Mejor √∫nete a eat&amp;fit y empieza a notar la diferencia, ajustamos tus alimentos, te ofrecemos productos con la m√°s alta calidad y lo mejor te dejamos tus alimentos en la puerta de tu casa. https://t.co/LoMuwTHFlE",1172588758086160384#,Fri Sep 13 19:12:00 +0000 2019
@Zomato @deepigoyal u hv rated @BeCureFit https://t.co/GfP2RHqMLd Nagawara as excellent on hygiene; but then it stinks outside the outlet n garbage is pilled up; what is the condition inside God knows,1172568494979764224#,Fri Sep 13 17:51:29 +0000 2019
Dat Dog builds on 'greenie weenie' side of its menu with help of Eat Fit Nola https://t.co/XqIHRLHhTL via @The_Gambit,1172558735421689856#,Fri Sep 13 17:12:42 +0000 2019
"@BeCureFit There is an ICICI meal card some companies are providing , It's not accepted to order eat fit , Can any chances of work around to make it possible??",1172557388785651712#,Fri Sep 13 17:07:21 +0000 2019
"Hey https://t.co/845Er5e89O team, which type of service you are providing..today i order first time at 3PM  on https://t.co/Mk9CjMX6GZ by phone pay app but till now i  didn't get it... Its delivery time keep on changing.. could you please tell me when i will get it ?
@BeCureFit https://t.co/1VNQ7U2ExT",1172544532417671169#,Fri Sep 13 16:16:16 +0000 2019
"Eat Fit || Maple Garlic Chicken | Full Meal

https://t.co/tOufto0vRL

#eatfit #kfef #maple #chicken https://t.co/ZKjCeXwyEb",1172540951195246592#,Fri Sep 13 16:02:02 +0000 2019
@beastoftraal @BeCureFit https://t.co/GfP2RHqMLd is operating shamelessly from residential apartments at many locations and even encroach passages for their parking; ethics n integrity is zero,1172526048837128192#,Fri Sep 13 15:02:49 +0000 2019
@vineeth_143 @Techglares Loot hi loot by https://t.co/GfP2RHqMLd even don't know if health n hygiene is maintained as they blatantly violate rules by operating from residential buildings n encroaching passages for their parking; if there is so much of greed quality will be compromised,1172525213172432897#,Fri Sep 13 14:59:29 +0000 2019
"RT @itsback2beauty: Back to Beautiful
 
.
üíùLike and Share if you're loving thisüíù
.
 #eat #fit #instafit #fitgirl #fitness #sports #muscle #‚Ä¶",1172514058089783296#,Fri Sep 13 14:15:10 +0000 2019
"Back to Beautiful
 
.
üíùLike and Share if you're loving thisüíù
.
 #eat #fit #instafit #fitgirl #fitness #sports #muscle #beautyblogger #motivation https://t.co/iDGZLAGJPf",1172513847745232901#,Fri Sep 13 14:14:20 +0000 2019
@BeCureFit Obviously spend on https://t.co/Yvy48VwtWZ meals...,1172495653215227904#,Fri Sep 13 13:02:02 +0000 2019
@KarFireDept @DGP_FIRE seems fire safety rules for high rise buildings allows blocking drive ways; that's why u r allowing @BeCureFit https://t.co/GfP2RHIo9N Nagawara to flaunt laws @BBMPCOMM @drashwathcn @narendramodi @AmitShah https://t.co/hb1CDbxW8z,1172492816548847617#,Fri Sep 13 12:50:45 +0000 2019
"Muscle gain - Cure the right way | Eat Fit - with Myth Media
https://t.co/J5Z4JgX7Wa
#fitness #DietPlans #musclegrowth",1172482116531023872#,Fri Sep 13 12:08:14 +0000 2019
"Eat Fit || Pesto Grilled Cheese with Sun Dried Tomatoes

https://t.co/59T8qC0x1b

#kfef #eatfit #pesto https://t.co/MQJTptygg6",1172469225555935234#,Fri Sep 13 11:17:01 +0000 2019
"Go to phonepe apps
Open eat fit 
Select food and pay through phonepe 
Make sure that u r receiving cashback in payment page itself before proceeding for payment https://t.co/9bkrPIdA2A",1172455509212876805#,Fri Sep 13 10:22:31 +0000 2019
"check this out, [Food Loot] Food Worth ‚Çπ125 For Free From https://t.co/8Gm4opa57k | Daily https://t.co/PbTyETIRPC",1172414632293593089#,Fri Sep 13 07:40:05 +0000 2019
@oldschoolmonk Eat. fit,1172413319044460547#,Fri Sep 13 07:34:52 +0000 2019
"Enjoy the delicious and healthy lunch meal of the day.

#eat #fit #healthy #lunch #nutrition #indian #diet #staple #food #delivery @ Delhi, India https://t.co/HhpjQnG21y",1172396175254667264#,Fri Sep 13 06:26:44 +0000 2019
[Food Loot] Food Worth ‚Çπ125 For Free From https://t.co/1lJb9Xef1M |¬†Daily https://t.co/I8fwbce8KC https://t.co/sMfD0bhnKi,1172387390427582469#,Fri Sep 13 05:51:50 +0000 2019
[Food Loot] Food Worth ‚Çπ125 For Free From https://t.co/EZNXxJZiv4 | Daily https://t.co/bx8dGyIkSt,1172379481970892801#,Fri Sep 13 05:20:24 +0000 2019
"PhonePe https://t.co/wKDLttXjs5 Offer | Get 100% Cashback up to ‚Çπ125 for all users on Eatfit orders only on Apps

Min. Order: ‚Çπ99

Validity - 13th - 17th Sept.

Valid on 3 orders (once per day, per user, per device)

 New Users join here - https://t.co/bsrjfNICBQ",1172376496826019842#,Fri Sep 13 05:08:33 +0000 2019
"üëâAmazon Sanyo Quiz Answers : Play &amp; Win Sanyo 4K TV.

Link : https://t.co/wntDnQobrT

https://t.co/SDtPi1gc0Z:

üëâEat-Fit Phonepe App Cashback Offer : Get 100% Cashback Upto Rs.125 For All Users On Orders Only On Apps On Phonepe.

Link : https://t.co/Eu47s1HM0h",1172322939850518528#,Fri Sep 13 01:35:44 +0000 2019
"Librate de la cocina y empieza a disfrutar tus alimentos con eat&amp;fit, te hacemos llegar todo, hasta la comodidad de tu casa u oficina.

Para mayor informaci√≥n cont√°ctanos v√≠a inbox. https://t.co/FONYRYiy7D",1172316715516084224#,Fri Sep 13 01:11:00 +0000 2019
"@mankuthimma Good share. But what are the other profitable services for UPI apps like Google pay, Paytm ? For something like https://t.co/OGq8WVWTKd etc ? https://t.co/vpN5t3u3pV etc may be.",1172215646710448128#,Thu Sep 12 18:29:23 +0000 2019
"Eat Fit || Easy Vegan cornbread

https://t.co/jsBv8BZ1nL

#kfef #eatfit #cornbread https://t.co/fU9FWFlyob",1172178565896507392#,Thu Sep 12 16:02:02 +0000 2019
"Eat Fit || Scottish Baby Carrot &amp; Chive Tart

https://t.co/8chIXs3ZbA

#kfef #eatfit #carrots https://t.co/vdv0QHRbDy",1172106838810214401#,Thu Sep 12 11:17:01 +0000 2019
"@sen_shahana @Kashh_yup Very well concluded. I meant, branding these days, say https://t.co/jcy8fFMTjC or https://t.co/CjXjKmV5Oc has commercialized. Not targeting them, they can do business in any stream, but for a laymen like me, will fall in these fancy fitness regimes.",1172067578023297025#,Thu Sep 12 08:41:01 +0000 2019
"RT @paraj_dhillon: @BeCureFit while I really appreciate healthy meals you provide through https://t.co/ozxazchvL9, it would be nice if you‚Ä¶",1172057411529498624#,Thu Sep 12 08:00:37 +0000 2019
"@BeCureFit while I really appreciate healthy meals you provide through https://t.co/ozxazchvL9, it would be nice if you could provide sustainable packaging for the food. The pile of plastic keeps rising if one has taken a subscription, like me. #saynotosingleuseplastic as PM says",1172055282333224960#,Thu Sep 12 07:52:09 +0000 2019
"En eat&amp;fit encuentras diferentes preparaciones deliciosas, te dejamos un poquito de nuestros rollitos de nopal con quesito. https://t.co/4GZ85dSPFr",1171954579392434176#,Thu Sep 12 01:12:00 +0000 2019
"RT @BigkartDeal: #GiveAway We have five https://t.co/3aje4TIoGP coupons.

If you need comment below.

Pls RT and Share",1171854401918554113#,Wed Sep 11 18:33:56 +0000 2019
"#ambition, #beast, #beastmode, #bjj, #brazilianjiujitsu, #determination, #eat, #fit, @fitbodapp, #fitness, #food, #goals, #gym, #gymlife, #man, #muscle, planetfitness, #power, #powerlifting, #strength,‚Ä¶ https://t.co/GUzgZu4sbZ",1171844287002304512#,Wed Sep 11 17:53:44 +0000 2019
text,id,date
Dat Dog builds on 'greenie weenie' side of its menu with help of Eat Fit Nola https://t.co/TEpYFkzaIE,1171839657006575616#,Wed Sep 11 17:35:20 +0000 2019
"What Ingredients are in Personal Care Products &amp;#8211; Dirty Dozen Checklist https://t.co/pnmEIoazVg
.
üíùLike and Share if you're loving thisüíù
.
#freedom #getwellsoon #livefree #cleanfood #eatwell #lovely #eat #fit #instafit #fitgirl https://t.co/x6zWQQjIXa",1171821983002087424#,Wed Sep 11 16:25:06 +0000 2019
"RT @BigkartDeal: #GiveAway We have five https://t.co/3aje4TIoGP coupons.

If you need comment below.

Pls RT and Share",1171817978003742720#,Wed Sep 11 16:09:11 +0000 2019
"Eat Fit || Israeli-Spiced Tomato and Chickpea Salad with Yogurt Sauce

https://t.co/5DbSLUpR8Q

#kfef #eatfit #chickpeas #salad",1171816325091663875#,Wed Sep 11 16:02:37 +0000 2019
"Magicpin app offer  : 

Eat fit 5 vouchers FREE worth Rs.99 each (99x5) 

Buy 5 quantity repeat user voucher of flat 99 off from magicpin and 

Code :  EATFIT99
 
 get flat 400 off.

Uncheck groupbuy to receive 5 different coupons.",1171810182113841152#,Wed Sep 11 15:38:13 +0000 2019
"RT @BigkartDeal: #GiveAway We have five https://t.co/3aje4TIoGP coupons.

If you need comment below.

Pls RT and Share",1171802365373992961#,Wed Sep 11 15:07:09 +0000 2019
"A 'greenie weenie,' you say? Take a look at @DatDogUS's new style in push for 'lifestyle focused' menu with help of Eat Fit Nola

Basically ... Think: üå≠ ‚ûñ üçû ‚ûï ü•ó 
https://t.co/fICuWqJqTS",1171801092516175873#,Wed Sep 11 15:02:06 +0000 2019
"https://t.co/f2KVo28IX8  is on Sale!
#domainsforsale #domainname #domainNames #domain #domainforsale #Sales #domainnamesales #company #Name  #Startup #startups #Food #Cafe #Snacks #Restaurants #Restaurant #Grub #GoDaddy #Sedo #Brand #Short  #fast #Modern #Delivery #eat #fit #app",1171769577509769221#,Wed Sep 11 12:56:52 +0000 2019
"RT @Techglares: Magicpin app offer  : 

Eat fit 5 vouchers FREE worth Rs.99 each (99x5) 

Buy 5 quantity repeat user voucher of flat 99 off‚Ä¶",1171756651474350088#,Wed Sep 11 12:05:30 +0000 2019
"Eat Fit || Pasta Pomodoro Sauce

https://t.co/tCsauqbNXo

#kfef #eatfit #pasta #sauce https://t.co/S4t2o2wpqW",1171744450449682432#,Wed Sep 11 11:17:01 +0000 2019
Must try https://t.co/N4aDXeigYQ Chilli Chicken Hakka Noodles it‚Äôs so yum. #PSA,1171724178501689345#,Wed Sep 11 09:56:28 +0000 2019
"Office lunch does not cease to surprise..

When #eat.fit @BeCureFit thought ""Chilli Chicken"" is veg.. üò¨ https://t.co/Qy3ueJWpWp",1171698160344817665#,Wed Sep 11 08:13:05 +0000 2019
"RT @Techglares: Magicpin app offer  : 

Eat fit 5 vouchers FREE worth Rs.99 each (99x5) 

Buy 5 quantity repeat user voucher of flat 99 off‚Ä¶",1171696594854395904#,Wed Sep 11 08:06:51 +0000 2019
"@Techglares Nadri thalaivaaa..

Get 78% discount on this voucher from https://t.co/O1UYLEME5S. Join my group within next 1 hour. Only 2 more places left. Hurry! Use link https://t.co/TPuAE64Te3 https://t.co/BuLPiaSKrR",1171693617854873605#,Wed Sep 11 07:55:02 +0000 2019
Magicpin https://t.co/G4XYuO4sQK Offer https://t.co/Kc2jaSey6s,1171692661545283585#,Wed Sep 11 07:51:14 +0000 2019
"$FLOW $SID $OUT $A $BIN
$IT $EAT $FIT
$ONE $ALLY",1171692575142699008#,Wed Sep 11 07:50:53 +0000 2019
"RT @Techglares: Magicpin app offer  : 

Eat fit 5 vouchers FREE worth Rs.99 each (99x5) 

Buy 5 quantity repeat user voucher of flat 99 off‚Ä¶",1171684499001765888#,Wed Sep 11 07:18:48 +0000 2019
"RT @Techglares: Magicpin app offer  : 

Eat fit 5 vouchers FREE worth Rs.99 each (99x5) 

Buy 5 quantity repeat user voucher of flat 99 off‚Ä¶",1171684308152508416#,Wed Sep 11 07:18:02 +0000 2019
"Magicpin app offer  : 

Eat fit 5 vouchers FREE worth Rs.99 each (99x5) 

Buy 5 quantity repeat user voucher of flat 99 off from magicpin and 

Code :  EATFIT99
 
 get flat 400 off.

Uncheck groupbuy to receive 5 different coupons.",1171683867909996544#,Wed Sep 11 07:16:17 +0000 2019
"RT @BigkartDeal: #GiveAway We have five https://t.co/3aje4TIoGP coupons.

If you need comment below.

Pls RT and Share",1171676957852852224#,Wed Sep 11 06:48:50 +0000 2019
"RT @BigkartDeal: #GiveAway We have five https://t.co/3aje4TIoGP coupons.

If you need comment below.

Pls RT and Share",1171668283172388864#,Wed Sep 11 06:14:21 +0000 2019
"RT @BigkartDeal: #GiveAway We have five https://t.co/3aje4TIoGP coupons.

If you need comment below.

Pls RT and Share",1171664281097711616#,Wed Sep 11 05:58:27 +0000 2019
"RT @BigkartDeal: #GiveAway We have five https://t.co/3aje4TIoGP coupons.

If you need comment below.

Pls RT and Share",1171647132257988612#,Wed Sep 11 04:50:19 +0000 2019
"#GiveAway We have five https://t.co/3aje4TIoGP coupons.

If you need comment below.

Pls RT and Share",1171646681865183232#,Wed Sep 11 04:48:31 +0000 2019
"#ambition, #beast, #beastmode, #bjj, #brazilianjiujitsu, #determination, #eat, #fit, @fitbodapp, #fitness, #food, #goals, #gym, #gymlife, #man, #muscle, planetfitness, #power, #powerlifting, #strength,‚Ä¶ https://t.co/3iWddzEcIU",1171603080028327937#,Wed Sep 11 01:55:16 +0000 2019
"#Goals!

#ambition, #beast, #beastmode, #bjj, #brazilianjiujitsu, #determination, #eat, #fit, @fitbodapp, #fitness, #food, #gym, #gymlife, #man, #muscle, planetfitness, #power, #powerlifting, #strength,‚Ä¶ https://t.co/3DSrQYpAtz",1171601730569756674#,Wed Sep 11 01:49:54 +0000 2019
"#ambition, #beast, #beastmode, #bjj, #brazilianjiujitsu, #determination, #eat, #fit, @fitbodapp, #fitness, #food, #goals, #gym, #gymlife, #man, #muscle, planetfitness, #power, #powerlifting, #strength,‚Ä¶ https://t.co/SBD5WXUxfu",1171600679372300289#,Wed Sep 11 01:45:43 +0000 2019
Dat Dog builds on 'greenie weenie' side of its menu with help of Eat Fit Nola https://t.co/1VXRgqVZfT via @The_Gambit,1171565165256630272#,Tue Sep 10 23:24:36 +0000 2019
"Eat Fit || Instant Pot Cauliflower Curry

https://t.co/lGqksxT9HF

#kfef #eatfit #curry #cauliflower",1171453779868188673#,Tue Sep 10 16:02:00 +0000 2019
@kheer003 @BeCureFit Do u really think https://t.co/GfP2RHqMLd is so ethical that they care for others health n wellness; if so why r they operating from residential buildings with huge industrial chimney n exhaust systems; it is ruining health is 100 families; there is no concern for health,1171446596711501829#,Tue Sep 10 15:33:27 +0000 2019
@BeCureFit https://t.co/GfP2RHqMLd operates from residential buildings n has no concern for th disturbances to 100 families; with no ethics n integrity can they do justice to health n wellness; question to investors too @Unilever @KotakBankLtd  @EPIQCapital @iHrithik @CNBC @CNN,1171430400347889664#,Tue Sep 10 14:29:06 +0000 2019
"@BeCureFit  , members are you people not noticing bad services such as-crowed centres, dirty lavatories and constantly irrational increase eat fit food and drinks.
Give true feedback so cult can improve why sugar quote",1171378141819858944#,Tue Sep 10 11:01:26 +0000 2019
"Pregnancy &amp; Post Delivery - Cure the right way | Eat Fit - with Myth Media
https://t.co/Tcz53wbos1
#fitness #pregnancy",1171335267388514305#,Tue Sep 10 08:11:04 +0000 2019
"RT @KeepFitEatFit: Eat Fit || Smoothie for breakfast = sorted !

#kfef #eatfit #smoothie https://t.co/F8Go0npxLH",1171326601881108480#,Tue Sep 10 07:36:38 +0000 2019
"Eat Fit || Smoothie for breakfast = sorted !

#kfef #eatfit #smoothie https://t.co/F8Go0npxLH",1171313696225800198#,Tue Sep 10 06:45:21 +0000 2019
"RT @greencolaksa: ÿ•ŸÇÿ™ÿ±ÿßÿ≠ ÿßŸÑÿ∫ÿØÿßÿ° ŸÑŸÑŸäŸàŸÖ üåø
ŸÖÿ∑ÿπŸÖ Eat Fit @eatfit_ksa 
ÿ£ÿ≥ÿ™ŸÖÿ™ÿπ ÿ®Ÿàÿ¨ÿ®ÿ© ÿßŸÑÿ∫ÿØÿßÿ° ŸÖÿπ ÿ¨ÿ±ŸäŸÜ ŸÉŸàŸÑÿß üòã

#ÿ∫ÿØÿßÿ° #ÿßŸÉÿ´ÿ±_ÿ≠ÿßÿ¨Ÿá_ÿ™ÿµÿ±ŸÅ_ÿπŸÑŸäŸáÿß_ÿ±ÿßÿ™ÿ®ŸÉ #ÿ≥ŸÜ‚Ä¶",1171273273805553664#,Tue Sep 10 04:04:44 +0000 2019
Has anyone tried eat fit food? I was checking out their menu and I love the healthy food options.,1171244765926612992#,Tue Sep 10 02:11:27 +0000 2019
"anyway, a lot of the food we already eat fit pretty easily into the program with minimal modification.",1171238367947907073#,Tue Sep 10 01:46:02 +0000 2019
"I can get rid of any spider in the house without hesitation, will eat your leafy vegetables for you, can make tofu even carnivores like to eat, fit in carry on luggage, and will try (almost) anything! https://t.co/ZYFwWQsgOp",1171233685594468353#,Tue Sep 10 01:27:25 +0000 2019
"Back to Beautiful
 
.
üíùLike and Share if you're loving thisüíù
.
 #eat #fit #instafit #fitgirl #fitness #sports #muscle #beautyblogger #motivation https://t.co/WS6uxrCxGy",1171218297443905536#,Tue Sep 10 00:26:16 +0000 2019
"El mes patrio ya esta aqu√≠, eat&amp;fit no te va a dejar solo en estas pr√≥ximas celebraciones.

Nosotros vamos hasta tu casa u oficina, cont√°ctanos v√≠a inbox para mayor informaci√≥n. üòâ https://t.co/taCw4rOktS",1171139206783148032#,Mon Sep 09 19:12:00 +0000 2019
@BeCureFit when u do not have a proper garbage handling process at https://t.co/GfP2RHqMLd Nagawara how can this outlet provide health n wellness; is this not fooling around @Unilever @KotakBankLtd @EPIQCapital @InnoVenCap_IN @Kalaari @Accel u have invested in this company,1171101151162294272#,Mon Sep 09 16:40:47 +0000 2019
"Eat Fit || Some like it hot ! üòÉ 

https://t.co/78KijvJGuK

#kfef #eatfit #Chilli https://t.co/hxIyy7oHGo",1171091413724991489#,Mon Sep 09 16:02:05 +0000 2019
"We bring to you the ultimate fitness package curated by https://t.co/1eEgVpqRYP by @BeCureFit and preferred by celebrities. 
Plus, you also get amazing offers on https://t.co/NLln556bVU by @BeCureFit only with #TimesPrime.

Subscribe Now! https://t.co/QriWtRH2xP

#CultFit #EatFit https://t.co/bSvyG0HeIi",1171079607472119809#,Mon Sep 09 15:15:10 +0000 2019
"Back to Beautiful
 
.
üíùLike and Share if you're loving thisüíù
.
 #eat #fit #instafit #fitgirl #fitness #sports #muscle #beautyblogger #motivation https://t.co/xzleq1dDbH",1171038288150331397#,Mon Sep 09 12:30:59 +0000 2019
Health as per @BeCureFit https://t.co/GfP2RHqMLd dump garbage just outside the outlet; pls check https://t.co/GfP2RHqMLd Nagawara @mukeshbansal06 @ankitnagori27 if this is health as per u then don't know wt u r offering to ppl; @Unilever @KotakBankLtd @EPIQCapital @InnoVenCap_IN,1171027789211811841#,Mon Sep 09 11:49:16 +0000 2019
"Eat Fit || Slow-Roast Gochujang Chicken üòãüòã

https://t.co/C4JhhNHg5X

#kfef #eatfit #chicken https://t.co/cJHKXRTaIZ",1171019675460878336#,Mon Sep 09 11:17:01 +0000 2019
"@BeCureFit Strange!! Shouldn't more workouts be rewarded with more cash. I mean two classes better than one right? Anyways would you also know why  https://t.co/z9ZeBKXTyY has stopped delivery in Malad West, Mumbai all of a sudden?",1170950398330294272#,Mon Sep 09 06:41:44 +0000 2019
